,avg_rating,number_of_viewers,budget,popularity,revenue,vote_average,vote_count
avg_rating,1.0,0.12725857359349074,-0.09185262632826918,0.06105548063484403,0.0028080120172547397,0.5312485669138904,0.09863557283156568
number_of_viewers,0.12725857359349074,1.0,0.2846369395295032,0.5507938484456093,0.44113235005441764,0.2841838667296806,0.6226681592950938
budget,-0.09185262632826918,0.2846369395295032,1.0,0.5195281897518101,0.763443995044578,0.000863253436197248,0.6201343006310516
popularity,0.06105548063484403,0.5507938484456093,0.5195281897518101,1.0,0.6363660324489119,0.2611863144455971,0.7939328640365678
revenue,0.0028080120172547397,0.44113235005441764,0.763443995044578,0.6363660324489119,1.0,0.14015594604646575,0.7822453321695612
vote_average,0.5312485669138904,0.2841838667296806,0.000863253436197248,0.2611863144455971,0.14015594604646575,1.0,0.299492938315352
vote_count,0.09863557283156568,0.6226681592950938,0.6201343006310516,0.7939328640365678,0.7822453321695612,0.299492938315352,1.0
